{
  "1": {
    "0": {
      "cost": 9807,
      "flightHours": 13.716666666666667,
      "stopHours": 11.416666666666666
    },
    "1": {
      "cost": 11085,
      "flightHours": 13.716666666666667,
      "stopHours": 1.6666666666666665
    },
    "2": {
      "cost": 11456,
      "flightHours": 11.816666666666666,
      "stopHours": 7.833333333333333
    },
    "3": {
      "cost": 13103,
      "flightHours": 10.166666666666666,
      "stopHours": 1.4833333333333334
    },
    "4": {
      "cost": 14862,
      "flightHours": 11.766666666666667,
      "stopHours": 9.616666666666667
    },
    "5": {
      "cost": 17252,
      "flightHours": 10.55,
      "stopHours": 12.166666666666666
    },
    "6": {
      "cost": 18677,
      "flightHours": 10.716666666666667,
      "stopHours": 19.416666666666668
    },
    "7": {
      "cost": 18320,
      "flightHours": 11.183333333333334,
      "stopHours": 9.633333333333333
    },
    "8": {
      "cost": 9921,
      "flightHours": 13.716666666666667,
      "stopHours": 11.4
    },
    "9": {
      "cost": 11338,
      "flightHours": 12.7,
      "stopHours": 1.6666666666666665
    },
    "10": {
      "cost": 11338,
      "flightHours": 13.7,
      "stopHours": 4.416666666666667
    },
    "11": {
      "cost": 11831,
      "flightHours": 10.1,
      "stopHours": 13.083333333333334
    },
    "12": {
      "cost": 13296,
      "flightHours": 9.433333333333334,
      "stopHours": 1.3166666666666667
    },
    "13": {
      "cost": 13296,
      "flightHours": 10.2,
      "stopHours": 19.55
    },
    "14": {
      "cost": 13296,
      "flightHours": 10.166666666666666,
      "stopHours": 8.966666666666667
    },
    "15": {
      "cost": 13296,
      "flightHours": 10.15,
      "stopHours": 1.4833333333333334
    }
  },
  "2": {
    "0": {
      "cost": 3591,
      "flightHours": 6.266666666666667,
      "stopHours": 3.1166666666666667
    },
    "1": {
      "cost": 4221,
      "flightHours": 5.633333333333333,
      "stopHours": 0
    },
    "2": {
      "cost": 4411,
      "flightHours": 5.833333333333333,
      "stopHours": 0
    },
    "3": {
      "cost": 4705,
      "flightHours": 6.15,
      "stopHours": 0.85
    },
    "4": {
      "cost": 4995,
      "flightHours": 6.3,
      "stopHours": 0.9833333333333333
    },
    "5": {
      "cost": 5028,
      "flightHours": 6.666666666666667,
      "stopHours": 0.8333333333333334
    },
    "6": {
      "cost": 5343,
      "flightHours": 7.283333333333333,
      "stopHours": 0.8333333333333334
    },
    "7": {
      "cost": 5090,
      "flightHours": 6.3,
      "stopHours": 4.4
    },
    "8": {
      "cost": 3513,
      "flightHours": 6,
      "stopHours": 3
    },
    "9": {
      "cost": 4229,
      "flightHours": 5.833333333333333,
      "stopHours": 0
    },
    "10": {
      "cost": 4254,
      "flightHours": 5.5,
      "stopHours": 0
    },
    "11": {
      "cost": 4615,
      "flightHours": 7.65,
      "stopHours": 3.716666666666667
    },
    "12": {
      "cost": 4615,
      "flightHours": 5.9,
      "stopHours": 0.85
    },
    "13": {
      "cost": 4794,
      "flightHours": 6.483333333333333,
      "stopHours": 7.566666666666666
    },
    "14": {
      "cost": 4839,
      "flightHours": 7.25,
      "stopHours": 12
    },
    "15": {
      "cost": 4946,
      "flightHours": 6.166666666666667,
      "stopHours": 9.4
    }
  },
  "3": {
    "0": {
      "cost": 969,
      "flightHours": 1.2833333333333332,
      "stopHours": 0
    },
    "1": {
      "cost": 1081,
      "flightHours": 1.3166666666666667,
      "stopHours": 0
    },
    "2": {
      "cost": 1096,
      "flightHours": 1,
      "stopHours": 0
    },
    "3": {
      "cost": 1096,
      "flightHours": 1.5,
      "stopHours": 0
    },
    "4": {
      "cost": 1308,
      "flightHours": 1.3166666666666667,
      "stopHours": 0
    },
    "5": {
      "cost": 1445,
      "flightHours": 3.05,
      "stopHours": 1.55
    },
    "6": {
      "cost": 1527,
      "flightHours": 1,
      "stopHours": 0
    },
    "7": {
      "cost": 1793,
      "flightHours": 2.55,
      "stopHours": 2.6333333333333333
    },
    "8": {
      "cost": 971,
      "flightHours": 1.25,
      "stopHours": 0
    },
    "9": {
      "cost": 965,
      "flightHours": 1.3333333333333333,
      "stopHours": 0
    },
    "10": {
      "cost": 978,
      "flightHours": 1.3,
      "stopHours": 0
    },
    "11": {
      "cost": 980,
      "flightHours": 1.15,
      "stopHours": 0
    },
    "12": {
      "cost": 1310,
      "flightHours": 1,
      "stopHours": 0
    },
    "13": {
      "cost": 1460,
      "flightHours": 1.1333333333333333,
      "stopHours": 0
    },
    "14": {
      "cost": 1485,
      "flightHours": 1.3,
      "stopHours": 0
    },
    "15": {
      "cost": 1752,
      "flightHours": 1.3666666666666667,
      "stopHours": 0
    }
  },
  "4": {
    "0": {
      "cost": 2677,
      "flightHours": 4.583333333333333,
      "stopHours": 0
    },
    "1": {
      "cost": 2687,
      "flightHours": 6.166666666666667,
      "stopHours": 3.3333333333333335
    },
    "2": {
      "cost": 3004,
      "flightHours": 4.416666666666667,
      "stopHours": 0
    },
    "3": {
      "cost": 3449,
      "flightHours": 5.5,
      "stopHours": 0.6333333333333333
    },
    "4": {
      "cost": 3449,
      "flightHours": 5.116666666666666,
      "stopHours": 2.2666666666666666
    },
    "5": {
      "cost": 3613,
      "flightHours": 5.716666666666667,
      "stopHours": 3.3333333333333335
    },
    "6": {
      "cost": 3682,
      "flightHours": 5.483333333333333,
      "stopHours": 0.8333333333333334
    },
    "7": {
      "cost": 3707,
      "flightHours": 5.55,
      "stopHours": 1.1166666666666667
    },
    "8": {
      "cost": 2591,
      "flightHours": 5.666666666666667,
      "stopHours": 3.3333333333333335
    },
    "9": {
      "cost": 2640,
      "flightHours": 4.75,
      "stopHours": 0
    },
    "10": {
      "cost": 2728,
      "flightHours": 5.366666666666666,
      "stopHours": 2
    },
    "11": {
      "cost": 4206,
      "flightHours": 4,
      "stopHours": 0
    },
    "12": {
      "cost": 3677,
      "flightHours": 5.483333333333333,
      "stopHours": 2.3833333333333333
    },
    "13": {
      "cost": 3713,
      "flightHours": 5.666666666666667,
      "stopHours": 3.5833333333333335
    },
    "14": {
      "cost": 3738,
      "flightHours": 5.533333333333333,
      "stopHours": 1.1166666666666667
    },
    "15": {
      "cost": 3746,
      "flightHours": 6.166666666666667,
      "stopHours": 0.7166666666666667
    }
  },
  "5": {
    "0": {
      "cost": 1537,
      "flightHours": 1.3166666666666667,
      "stopHours": 0
    },
    "1": {
      "cost": 1733,
      "flightHours": 1.25,
      "stopHours": 0
    },
    "2": {
      "cost": 1778,
      "flightHours": 1.1666666666666667,
      "stopHours": 0
    },
    "3": {
      "cost": 1946,
      "flightHours": 1.5666666666666667,
      "stopHours": 0
    },
    "4": {
      "cost": 2124,
      "flightHours": 1.3,
      "stopHours": 0
    },
    "5": {
      "cost": 2214,
      "flightHours": 2.15,
      "stopHours": 1.1
    },
    "6": {
      "cost": 2302,
      "flightHours": 1.5666666666666667,
      "stopHours": 0
    },
    "7": {
      "cost": 2374,
      "flightHours": 1.6166666666666667,
      "stopHours": 0
    },
    "8": {
      "cost": 1495,
      "flightHours": 1.3,
      "stopHours": 0
    },
    "9": {
      "cost": 1660,
      "flightHours": 1.25,
      "stopHours": 0
    },
    "10": {
      "cost": 1781,
      "flightHours": 1.4666666666666668,
      "stopHours": 0
    },
    "11": {
      "cost": 1876,
      "flightHours": 2.1333333333333333,
      "stopHours": 1.1
    },
    "12": {
      "cost": 1901,
      "flightHours": 1.55,
      "stopHours": 0
    },
    "13": {
      "cost": 2039,
      "flightHours": 1.3666666666666667,
      "stopHours": 0
    },
    "14": {
      "cost": 2039,
      "flightHours": 1.3,